time,pm2_5,pm10,carbon_monoxide,nitrogen_dioxide,sulphur_dioxide,ozone,dust,aerosol_optical_depth,uv_index,uv_index_clear_sky,temperature_2m,relative_humidity_2m,apparent_temperature,precipitation,wind_speed_10m,wind_direction_10m,wind_gusts_10m,pressure_msl,surface_pressure,cloud_cover,cloud_cover_low,cloud_cover_mid,cloud_cover_high,et0_fao_evapotranspiration,vapor_pressure_deficit,shortwave_radiation,direct_radiation,diffuse_radiation,direct_normal_irradiance,global_tilted_irradiance,terrestrial_radiation,is_day,city,latitude,longitude
2025-11-02 00:00:00,129.0,250.5,946.0,44.0,25.1,40.0,228.0,1.05,0.0,0.0,22.5,90,26.7,0.0,0.7,360,1.8,1010.8,991.4,36,0,36,0,0.0,0.27,0.0,0.0,0.0,0.0,0.0,0.0,0,firozabad,27.1591,78.3957
2025-11-02 01:00:00,129.9,251.5,794.0,41.7,24.5,41.0,227.0,1.09,0.0,0.0,22.1,92,26.2,0.0,0.8,63,1.1,1010.7,991.3,53,0,53,0,0.0,0.21,0.0,0.0,0.0,0.0,0.0,0.0,0,firozabad,27.1591,78.3957
2025-11-02 02:00:00,129.9,249.6,700.0,40.3,23.9,40.0,226.0,1.11,0.0,0.0,21.8,94,25.8,0.0,1.3,56,1.4,1010.6,991.2,64,0,64,0,0.0,0.16,0.0,0.0,0.0,0.0,0.0,0.0,0,firozabad,27.1591,78.3957
2025-11-02 03:00:00,129.0,248.7,724.0,41.3,23.3,34.0,227.0,1.14,0.0,0.0,21.6,95,25.7,0.0,0.4,360,1.4,1010.7,991.2,68,0,68,0,0.0,0.13,0.0,0.0,0.0,0.0,0.0,0.0,0,firozabad,27.1591,78.3957
2025-11-02 04:00:00,129.5,249.6,806.0,43.4,22.7,27.0,229.0,1.15,0.0,0.0,21.4,96,25.2,0.0,2.9,330,3.2,1010.6,991.1,79,25,67,0,0.0,0.1,0.0,0.0,0.0,0.0,0.0,0.0,0,firozabad,27.1591,78.3957
2025-11-02 05:00:00,137.4,254.3,869.0,59.3,24.7,8.0,220.0,1.2,0.0,0.0,21.6,96,25.6,0.0,2.4,297,3.6,1010.5,991.1,81,40,68,0,0.0,0.1,0.0,0.0,0.0,0.0,0.0,0.0,0,firozabad,27.1591,78.3957
2025-11-02 06:00:00,139.7,258.9,898.0,55.9,25.0,12.0,206.0,1.19,0.0,0.0,21.7,95,25.7,0.0,1.8,259,3.2,1010.9,991.4,78,21,66,0,0.0,0.13,0.0,0.0,0.0,0.0,0.0,0.0,1,firozabad,27.1591,78.3957
2025-11-02 07:00:00,143.9,257.0,909.0,50.8,25.5,20.0,187.0,1.17,0.25,0.25,22.3,94,26.5,0.0,2.5,225,3.6,1011.6,992.2,80,19,68,0,0.03,0.16,46.0,12.0,34.0,83.7,46.0,146.5,1,firozabad,27.1591,78.3957
2025-11-02 08:00:00,134.1,228.6,869.0,43.2,26.6,41.0,179.0,1.15,0.95,0.95,23.8,91,28.4,0.0,3.1,225,6.8,1012.5,993.2,68,0,68,0,0.11,0.26,177.0,73.0,104.0,233.7,177.0,434.0,1,firozabad,27.1591,78.3957
2025-11-02 09:00:00,119.7,244.0,739.0,30.9,29.4,91.0,192.0,1.11,2.05,2.05,25.5,87,30.5,0.0,4.1,232,9.4,1013.1,993.9,53,0,53,0,0.23,0.42,349.0,185.0,164.0,377.6,349.0,680.7,1,firozabad,27.1591,78.3957
2025-11-02 10:00:00,107.3,250.5,559.0,16.3,32.7,154.0,216.0,1.09,3.15,3.15,27.2,79,31.9,0.0,6.8,270,14.8,1013.0,993.9,56,37,36,0,0.38,0.76,549.0,362.0,187.0,578.1,549.0,870.1,1,firozabad,27.1591,78.3957
2025-11-02 11:00:00,93.8,217.5,418.0,5.5,33.3,199.0,239.0,1.05,3.85,3.85,28.2,70,32.7,0.0,6.1,273,18.7,1012.0,992.9,44,44,0,0,0.44,1.14,624.0,436.0,188.0,612.5,624.0,989.1,1,firozabad,27.1591,78.3957
2025-11-02 12:00:00,85.7,207.7,351.0,1.4,28.8,211.0,258.0,1.03,3.75,3.75,28.7,66,33.0,0.0,7.8,283,16.6,1010.8,991.8,56,41,33,0,0.48,1.33,669.0,482.0,187.0,650.5,669.0,1029.6,1,firozabad,27.1591,78.3957
2025-11-02 13:00:00,81.7,215.1,323.0,1.2,21.7,204.0,275.0,1.01,2.95,2.95,29.1,60,32.5,0.0,8.6,292,18.0,1010.2,991.2,46,46,0,0,0.47,1.61,630.0,442.0,188.0,621.1,630.0,988.9,1,firozabad,27.1591,78.3957
2025-11-02 14:00:00,78.2,224.0,317.0,2.6,16.1,191.0,283.0,0.94,1.85,1.85,29.0,57,31.4,0.0,8.9,302,18.4,1010.0,991.0,56,56,0,0,0.41,1.72,541.0,369.0,172.0,589.6,541.0,869.7,1,firozabad,27.1591,78.3957
2025-11-02 15:00:00,75.0,233.8,332.0,5.2,13.5,175.0,277.0,0.86,0.8,0.8,28.5,59,31.0,0.0,8.4,310,18.4,1010.3,991.3,56,56,0,0,0.29,1.6,370.0,235.0,135.0,480.1,370.0,680.2,1,firozabad,27.1591,78.3957
2025-11-02 16:00:00,73.6,234.2,369.0,9.4,12.4,153.0,263.0,0.76,0.2,0.2,27.3,68,30.8,0.0,5.9,317,16.6,1010.1,991.0,50,50,0,0,0.16,1.16,212.0,115.0,97.0,368.9,212.0,433.2,1,firozabad,27.1591,78.3957
2025-11-02 17:00:00,99.4,236.1,416.0,15.0,12.6,120.0,262.0,0.93,0.0,0.0,26.5,75,30.8,0.0,3.1,315,11.2,1009.6,990.5,14,14,0,0,0.04,0.86,61.0,26.0,35.0,181.9,61.0,145.6,1,firozabad,27.1591,78.3957
2025-11-02 18:00:00,104.3,237.5,475.0,20.0,14.1,105.0,256.0,0.83,0.0,0.0,25.3,76,29.1,0.0,3.1,315,5.8,1009.6,990.4,0,0,0,0,0.0,0.77,0.0,0.0,0.0,0.0,0.0,0.0,0,firozabad,27.1591,78.3957
2025-11-02 19:00:00,108.7,239.3,543.0,26.8,16.0,84.0,249.0,0.75,0.0,0.0,24.6,77,28.2,0.0,3.1,315,4.3,1010.3,991.0,0,0,0,0,0.0,0.71,0.0,0.0,0.0,0.0,0.0,0.0,0,firozabad,27.1591,78.3957
2025-11-02 20:00:00,111.1,240.3,602.0,31.5,17.3,67.0,244.0,0.67,0.0,0.0,23.8,78,27.0,0.0,3.1,306,4.7,1010.8,991.5,0,0,0,0,0.0,0.65,0.0,0.0,0.0,0.0,0.0,0.0,0,firozabad,27.1591,78.3957
2025-11-02 21:00:00,111.8,239.3,648.0,32.1,17.2,60.0,245.0,0.6,0.0,0.0,23.3,78,26.3,0.0,3.0,284,4.7,1011.0,991.6,0,0,0,0,0.0,0.63,0.0,0.0,0.0,0.0,0.0,0.0,0,firozabad,27.1591,78.3957
2025-11-02 22:00:00,109.9,239.3,684.0,30.5,16.3,57.0,248.0,0.54,0.0,0.0,22.8,77,25.6,0.0,2.9,270,3.6,1011.1,991.7,0,0,0,0,0.0,0.64,0.0,0.0,0.0,0.0,0.0,0.0,0,firozabad,27.1591,78.3957
2025-11-02 23:00:00,105.7,239.3,705.0,29.1,15.4,54.0,251.0,0.49,0.0,0.0,21.9,81,24.5,0.0,3.7,259,4.0,1010.3,990.9,0,0,0,0,0.0,0.5,0.0,0.0,0.0,0.0,0.0,0.0,0,firozabad,27.1591,78.3957
2025-11-03 00:00:00,102.0,237.5,700.0,28.4,14.6,50.0,252.0,0.45,0.0,0.0,21.5,80,23.8,0.0,4.0,260,5.8,1010.3,990.8,0,0,0,0,0.0,0.51,0.0,0.0,0.0,0.0,0.0,0.0,0,firozabad,27.1591,78.3957
2025-11-03 01:00:00,99.4,233.8,679.0,27.8,13.8,45.0,253.0,0.41,0.0,0.0,20.3,85,22.5,0.0,4.1,255,6.1,1010.3,990.8,0,0,0,0,0.0,0.36,0.0,0.0,0.0,0.0,0.0,0.0,0,firozabad,27.1591,78.3957
2025-11-03 02:00:00,97.8,230.5,664.0,27.9,13.0,41.0,248.0,0.38,0.0,0.0,19.5,89,21.6,0.0,4.2,250,7.2,1010.4,990.8,0,0,0,0,0.0,0.25,0.0,0.0,0.0,0.0,0.0,0.0,0,firozabad,27.1591,78.3957
2025-11-03 03:00:00,96.6,225.4,661.0,29.6,12.3,35.0,235.0,0.36,0.0,0.0,18.9,91,20.9,0.0,4.2,250,7.2,1010.0,990.4,0,0,0,0,0.0,0.2,0.0,0.0,0.0,0.0,0.0,0.0,0,firozabad,27.1591,78.3957
2025-11-03 04:00:00,95.5,216.5,663.0,32.0,11.8,29.0,216.0,0.36,0.0,0.0,18.8,91,20.8,0.0,4.3,246,7.2,1009.8,990.2,0,0,0,0,0.0,0.2,0.0,0.0,0.0,0.0,0.0,0.0,0,firozabad,27.1591,78.3957
2025-11-03 05:00:00,89.2,206.3,674.0,29.2,11.4,31.0,217.0,0.37,0.0,0.0,18.6,91,20.4,0.0,4.6,252,7.2,1009.5,989.9,0,0,0,0,0.0,0.19,0.0,0.0,0.0,0.0,0.0,0.0,0,firozabad,27.1591,78.3957
2025-11-03 06:00:00,89.9,192.3,711.0,28.7,11.9,30.0,209.0,0.37,0.0,0.0,18.4,91,20.1,0.0,4.3,246,7.9,1010.1,990.4,0,0,0,0,0.0,0.19,0.0,0.0,0.0,0.0,0.0,0.0,1,firozabad,27.1591,78.3957
2025-11-03 07:00:00,90.6,177.4,757.0,27.8,12.5,30.0,199.0,0.38,0.4,0.4,19.1,90,21.2,0.0,3.9,248,7.6,1010.4,990.8,0,0,0,0,0.03,0.22,71.0,37.0,34.0,260.8,71.0,142.9,1,firozabad,27.1591,78.3957
2025-11-03 08:00:00,85.9,188.6,756.0,25.3,12.9,42.0,192.0,0.38,1.4,1.4,21.6,84,24.1,0.0,5.2,254,11.5,1010.9,991.4,0,0,0,0,0.15,0.41,268.0,196.0,72.0,633.6,268.0,430.0,1,firozabad,27.1591,78.3957
2025-11-03 09:00:00,73.6,171.8,667.0,19.7,13.1,77.0,189.0,0.36,3.0,3.0,23.9,78,26.7,0.0,6.6,261,15.5,1011.8,992.5,0,0,0,0,0.29,0.65,468.0,380.0,88.0,780.8,468.0,676.6,1,firozabad,27.1591,78.3957
2025-11-03 10:00:00,64.7,166.2,532.0,12.4,13.0,124.0,188.0,0.34,4.65,4.65,25.8,72,29.3,0.0,6.9,261,16.9,1011.7,992.5,0,0,0,0,0.42,0.93,629.0,533.0,96.0,855.9,629.0,865.8,1,firozabad,27.1591,78.3957
2025-11-03 11:00:00,53.9,156.0,422.0,6.7,12.5,157.0,197.0,0.31,5.6,5.6,27.7,62,31.9,0.0,5.0,249,17.3,1010.6,991.5,0,0,0,0,0.51,1.41,731.0,631.0,100.0,890.9,731.0,984.6,1,firozabad,27.1591,78.3957
2025-11-03 12:00:00,44.5,160.2,358.0,3.4,10.9,163.0,225.0,0.3,5.45,5.45,28.8,55,32.6,0.0,5.8,266,14.0,1009.2,990.2,0,0,0,0,0.55,1.78,767.0,667.0,100.0,904.6,767.0,1025.1,1,firozabad,27.1591,78.3957
2025-11-03 13:00:00,40.3,173.2,319.0,1.7,8.9,155.0,261.0,0.29,4.25,4.25,29.6,50,32.7,0.0,6.2,280,14.4,1008.6,989.7,0,0,0,0,0.53,2.07,729.0,633.0,96.0,894.0,729.0,984.4,1,firozabad,27.1591,78.3957
2025-11-03 14:00:00,39.2,183.9,313.0,2.3,7.6,144.0,280.0,0.28,2.6,2.6,29.6,49,31.9,0.0,6.0,287,14.4,1007.9,989.0,0,0,0,0,0.46,2.11,625.0,534.0,91.0,857.9,625.0,865.4,1,firozabad,27.1591,78.3957
2025-11-03 15:00:00,38.3,184.9,338.0,5.4,7.4,132.0,268.0,0.27,1.1,1.1,29.0,54,31.5,0.0,5.0,291,13.7,1007.8,988.9,0,0,0,0,0.33,1.84,463.0,382.0,81.0,785.6,463.0,676.0,1,firozabad,27.1591,78.3957
2025-11-03 16:00:00,38.3,161.6,396.0,10.7,8.0,117.0,239.0,0.27,0.25,0.25,27.9,67,31.9,0.0,2.7,293,10.1,1007.6,988.6,0,0,0,0,0.18,1.24,263.0,197.0,66.0,638.0,263.0,429.3,1,firozabad,27.1591,78.3957
2025-11-03 17:00:00,46.0,146.2,496.0,18.9,10.4,96.0,193.0,0.31,0.0,0.0,26.9,73,31.4,0.0,1.5,256,5.0,1007.2,988.2,0,0,0,0,0.03,0.96,65.0,35.0,30.0,247.3,65.0,142.0,1,firozabad,27.1591,78.3957
2025-11-03 18:00:00,54.5,148.5,678.0,28.5,14.0,80.0,184.0,0.29,0.0,0.0,25.5,71,29.0,0.0,1.9,202,2.2,1007.9,988.8,0,0,0,0,0.0,0.95,0.0,0.0,0.0,0.0,0.0,0.0,0,firozabad,27.1591,78.3957
2025-11-03 19:00:00,66.4,154.1,903.0,42.0,19.0,57.0,170.0,0.27,0.0,0.0,24.5,73,27.6,0.0,2.9,180,3.2,1009.1,989.9,0,0,0,0,0.0,0.83,0.0,0.0,0.0,0.0,0.0,0.0,0,firozabad,27.1591,78.3957
2025-11-03 20:00:00,78.9,159.7,1057.0,53.7,22.9,37.0,151.0,0.26,0.0,0.0,23.8,72,26.3,0.0,3.6,174,4.3,1009.5,990.2,75,0,0,75,0.0,0.82,0.0,0.0,0.0,0.0,0.0,0.0,0,firozabad,27.1591,78.3957
2025-11-03 21:00:00,89.2,159.3,1090.0,62.3,24.9,22.0,125.0,0.25,0.0,0.0,23.3,71,25.4,0.0,4.7,171,5.4,1009.7,990.4,41,0,0,41,0.01,0.83,0.0,0.0,0.0,0.0,0.0,0.0,0,firozabad,27.1591,78.3957
2025-11-03 22:00:00,93.1,147.6,1052.0,69.0,25.7,11.0,94.0,0.25,0.0,0.0,23.4,65,25.0,0.0,4.8,167,6.1,1009.3,990.0,0,0,0,0,0.01,1.01,0.0,0.0,0.0,0.0,0.0,0.0,0,firozabad,27.1591,78.3957
2025-11-03 23:00:00,88.7,124.3,989.0,72.0,25.3,3.0,66.0,0.25,0.0,0.0,20.9,79,22.8,0.0,3.7,169,7.2,1009.2,989.7,0,0,0,0,0.0,0.52,0.0,0.0,0.0,0.0,0.0,0.0,0,firozabad,27.1591,78.3957
2025-11-04 00:00:00,78.9,99.4,897.0,69.2,22.9,1.0,42.0,0.24,0.0,0.0,20.7,76,22.6,0.0,2.2,189,4.7,1009.1,989.6,29,0,29,0,0.0,0.59,0.0,0.0,0.0,0.0,0.0,0.0,0,firozabad,27.1591,78.3957
2025-11-04 01:00:00,69.4,78.9,778.0,62.6,19.2,4.0,20.0,0.22,0.0,0.0,20.2,77,22.1,0.0,0.5,45,2.5,1009.1,989.6,40,0,40,0,0.0,0.54,0.0,0.0,0.0,0.0,0.0,0.0,0,firozabad,27.1591,78.3957
2025-11-04 02:00:00,61.9,64.7,687.0,57.1,16.3,6.0,5.0,0.2,0.0,0.0,19.4,80,21.2,0.0,1.8,37,2.2,1009.0,989.4,70,0,70,0,0.0,0.45,0.0,0.0,0.0,0.0,0.0,0.0,0,firozabad,27.1591,78.3957
2025-11-04 03:00:00,56.3,56.5,653.0,54.9,15.1,5.0,0.0,0.19,0.0,0.0,19.0,84,20.8,0.0,2.5,82,2.9,1009.1,989.5,82,0,82,0,0.0,0.35,0.0,0.0,0.0,0.0,0.0,0.0,0,firozabad,27.1591,78.3957
2025-11-04 04:00:00,53.0,53.1,647.0,53.7,14.8,4.0,0.0,0.18,0.0,0.0,19.2,83,20.8,0.0,3.7,101,4.3,1008.9,989.3,77,0,77,0,0.0,0.38,0.0,0.0,0.0,0.0,0.0,0.0,0,firozabad,27.1591,78.3957
2025-11-04 05:00:00,39.7,39.9,630.0,35.9,10.6,20.0,0.0,0.23,0.0,0.0,20.0,81,21.8,0.0,3.6,127,7.9,1008.7,989.2,83,0,83,0,0.0,0.44,0.0,0.0,0.0,0.0,0.0,0.0,0,firozabad,27.1591,78.3957
2025-11-04 06:00:00,45.6,46.0,585.0,32.6,10.9,26.0,2.0,0.23,0.0,0.0,19.4,88,21.4,0.0,3.9,146,7.6,1009.7,990.1,80,0,80,0,0.0,0.27,0.0,0.0,0.0,0.0,0.0,0.0,1,firozabad,27.1591,78.3957
2025-11-04 07:00:00,52.2,52.9,530.0,27.9,11.4,34.0,6.0,0.28,0.35,0.4,19.9,88,22.4,0.0,1.8,143,9.7,1010.4,990.8,94,0,94,0,0.02,0.28,29.0,5.0,24.0,35.6,29.0,139.2,1,firozabad,27.1591,78.3957
2025-11-04 08:00:00,36.2,46.1,475.0,23.5,12.0,44.0,19.0,0.29,1.25,1.5,21.2,88,24.4,0.0,1.5,135,3.6,1010.9,991.4,79,0,79,0,0.07,0.3,110.0,29.0,81.0,94.7,110.0,426.1,1,firozabad,27.1591,78.3957
2025-11-04 09:00:00,31.0,63.6,421.0,20.1,12.8,57.0,52.0,0.31,2.0,3.1,23.2,83,26.8,0.0,2.2,90,6.1,1011.1,991.7,75,0,75,0,0.17,0.48,262.0,108.0,154.0,223.4,262.0,672.4,1,firozabad,27.1591,78.3957
2025-11-04 10:00:00,30.0,93.6,368.0,17.0,13.7,71.0,94.0,0.28,1.4,4.8,24.7,76,28.4,0.0,1.5,104,5.8,1011.3,992.0,78,0,78,0,0.22,0.74,318.0,156.0,162.0,251.9,318.0,861.4,1,firozabad,27.1591,78.3957
2025-11-04 11:00:00,29.6,92.7,329.0,14.3,14.1,85.0,118.0,0.28,1.4,5.8,25.9,69,29.3,0.0,1.8,169,7.9,1010.3,991.1,85,0,85,0,0.26,1.03,352.0,164.0,188.0,232.7,352.0,980.2,1,firozabad,27.1591,78.3957
2025-11-04 12:00:00,29.2,87.8,307.0,11.0,13.6,99.0,108.0,0.3,1.9,5.6,25.8,68,28.9,0.0,2.6,196,7.2,1009.6,990.4,87,0,87,0,0.21,1.06,283.0,71.0,212.0,96.8,283.0,1020.7,1,firozabad,27.1591,78.3957
2025-11-04 13:00:00,26.4,70.5,298.0,8.1,12.6,111.0,80.0,0.29,2.4,4.4,26.1,67,29.7,0.0,0.5,45,5.8,1008.9,989.8,79,0,79,0,0.25,1.12,340.0,145.0,195.0,205.8,340.0,980.1,1,firozabad,27.1591,78.3957
2025-11-04 14:00:00,24.5,54.2,310.0,7.9,12.0,116.0,57.0,0.32,1.5,2.65,26.5,69,29.9,0.0,3.7,11,7.9,1008.2,989.1,84,0,84,0,0.26,1.07,355.0,156.0,199.0,252.0,355.0,861.1,1,firozabad,27.1591,78.3957
2025-11-04 15:00:00,23.0,47.4,352.0,13.4,12.5,108.0,44.0,0.32,0.35,1.1,25.8,75,29.6,0.0,4.0,27,9.0,1007.8,988.7,85,0,85,0,0.16,0.83,215.0,77.0,138.0,159.4,215.0,672.0,1,firozabad,27.1591,78.3957
2025-11-04 16:00:00,24.4,43.3,415.0,21.6,13.4,92.0,34.0,0.28,0.1,0.25,25.1,78,28.8,0.0,4.7,32,9.4,1007.5,988.3,84,0,84,0,0.09,0.7,113.0,38.0,75.0,124.2,113.0,425.5,1,firozabad,27.1591,78.3957
2025-11-04 17:00:00,40.9,54.1,470.0,20.5,11.5,84.0,25.0,0.35,0.0,0.0,24.4,80,28.0,0.0,3.7,29,8.6,1007.3,988.1,68,0,68,0,0.03,0.61,29.0,5.0,24.0,35.7,29.0,138.5,1,firozabad,27.1591,78.3957
2025-11-04 18:00:00,41.6,59.8,513.0,20.1,11.5,80.0,44.0,0.36,0.0,0.0,23.4,85,27.2,0.0,3.1,36,6.1,1008.1,988.8,77,0,77,0,0.0,0.43,0.0,0.0,0.0,0.0,0.0,0.0,0,firozabad,27.1591,78.3957
2025-11-04 19:00:00,41.9,78.5,550.0,19.6,11.6,75.0,70.0,0.39,0.0,0.0,23.1,85,26.8,0.0,2.5,45,5.0,1008.8,989.5,69,0,69,0,0.0,0.42,0.0,0.0,0.0,0.0,0.0,0.0,0,firozabad,27.1591,78.3957
2025-11-04 20:00:00,42.5,87.3,568.0,19.4,11.8,69.0,85.0,0.43,0.0,0.0,22.9,86,26.8,0.0,1.5,45,4.3,1009.6,990.3,63,0,63,0,0.0,0.39,0.0,0.0,0.0,0.0,0.0,0.0,0,firozabad,27.1591,78.3957
2025-11-04 21:00:00,44.5,78.9,556.0,19.9,12.0,63.0,75.0,0.46,0.0,0.0,22.7,86,26.4,0.1,1.8,79,4.3,1009.9,990.5,78,4,75,0,0.0,0.39,0.0,0.0,0.0,0.0,0.0,0.0,0,firozabad,27.1591,78.3957
2025-11-04 22:00:00,48.9,72.2,525.0,20.8,12.4,56.0,54.0,0.48,0.0,0.0,22.6,84,26.0,0.0,1.8,79,4.3,1009.8,990.4,77,39,65,0,0.0,0.44,0.0,0.0,0.0,0.0,0.0,0.0,0,firozabad,27.1591,78.3957
2025-11-04 23:00:00,53.1,75.2,498.0,21.7,13.0,50.0,41.0,0.48,0.0,0.0,21.4,91,24.8,0.0,2.1,31,2.2,1009.9,990.4,70,0,70,0,0.0,0.23,0.0,0.0,0.0,0.0,0.0,0.0,0,firozabad,27.1591,78.3957
2025-11-05 00:00:00,58.0,82.4,479.0,22.0,14.2,46.0,45.0,0.47,0.0,0.0,21.0,92,24.5,0.0,1.3,304,1.4,1009.6,990.1,46,0,46,0,0.0,0.2,0.0,0.0,0.0,0.0,0.0,0.0,0,firozabad,27.1591,78.3957
2025-11-05 01:00:00,64.5,95.5,463.0,22.2,15.6,42.0,57.0,0.49,0.0,0.0,20.4,94,23.4,0.0,3.2,333,4.3,1009.6,990.1,31,0,31,0,0.0,0.14,0.0,0.0,0.0,0.0,0.0,0.0,0,firozabad,27.1591,78.3957
2025-11-05 02:00:00,71.9,109.4,457.0,23.6,17.0,38.0,70.0,0.5,0.0,0.0,19.7,97,22.7,0.0,3.1,339,5.8,1009.5,989.9,51,34,31,0,0.0,0.07,0.0,0.0,0.0,0.0,0.0,0.0,0,firozabad,27.1591,78.3957
2025-11-05 03:00:00,78.9,122.9,463.0,27.7,18.0,29.0,82.0,0.5,0.0,0.0,19.3,98,22.3,0.0,2.6,344,5.0,1009.3,989.7,60,37,39,0,0.0,0.04,0.0,0.0,0.0,0.0,0.0,0.0,0,firozabad,27.1591,78.3957
2025-11-05 04:00:00,85.9,135.5,479.0,32.8,19.0,20.0,95.0,0.51,0.0,0.0,18.9,99,21.7,0.0,2.9,330,4.7,1009.1,989.5,64,51,20,0,0.0,0.02,0.0,0.0,0.0,0.0,0.0,0.0,0,firozabad,27.1591,78.3957
2025-11-05 05:00:00,83.1,120.1,510.0,44.5,14.5,6.0,69.0,0.51,0.0,0.0,18.9,99,21.6,0.0,3.3,347,6.5,1008.4,988.8,53,53,0,0,0.0,0.02,0.0,0.0,0.0,0.0,0.0,0.0,0,firozabad,27.1591,78.3957
2025-11-05 06:00:00,90.1,129.5,582.0,39.8,16.6,15.0,66.0,0.49,0.0,0.0,18.7,99,21.4,0.0,2.5,360,5.8,1009.2,989.6,53,53,0,0,0.0,0.02,0.0,0.0,0.0,0.0,0.0,0.0,1,firozabad,27.1591,78.3957
2025-11-05 07:00:00,99.2,134.6,668.0,32.9,19.4,30.0,62.0,0.48,0.35,0.35,19.3,98,22.4,0.0,1.3,34,4.0,1009.9,990.3,43,43,0,0,0.02,0.04,62.0,24.0,38.0,172.7,62.0,135.5,1,firozabad,27.1591,78.3957
2025-11-05 08:00:00,97.3,128.1,696.0,25.7,21.1,52.0,58.0,0.46,1.35,1.35,21.6,93,25.4,0.0,1.8,281,5.0,1010.5,991.0,0,0,0,0,0.14,0.18,247.0,153.0,94.0,504.4,247.0,422.1,1,firozabad,27.1591,78.3957
2025-11-05 09:00:00,80.6,110.1,612.0,17.7,21.0,89.0,52.0,0.46,2.9,2.9,23.9,88,27.8,0.0,5.8,277,12.2,1011.0,991.7,22,22,0,0,0.28,0.35,449.0,360.0,89.0,749.7,449.0,668.2,1,firozabad,27.1591,78.3957
2025-11-05 10:00:00,53.0,73.3,470.0,9.4,19.9,133.0,46.0,0.45,4.5,4.5,25.6,81,30.0,0.0,6.7,286,13.7,1010.8,991.6,0,0,0,0,0.4,0.62,607.0,504.0,103.0,818.3,607.0,857.1,1,firozabad,27.1591,78.3957
2025-11-05 11:00:00,45.8,70.5,357.0,3.4,18.3,164.0,47.0,0.45,5.35,5.35,26.9,73,31.8,0.0,5.4,290,14.4,1009.9,990.8,27,27,0,0,0.48,0.96,704.0,571.0,133.0,814.4,704.0,975.8,1,firozabad,27.1591,78.3957
2025-11-05 12:00:00,44.2,76.4,302.0,1.0,16.0,172.0,61.0,0.45,4.9,5.2,27.8,65,32.2,0.0,6.6,292,13.7,1009.4,990.4,28,28,0,0,0.52,1.31,735.0,595.0,140.0,814.8,735.0,1016.2,1,firozabad,27.1591,78.3957
2025-11-05 13:00:00,41.6,83.4,275.0,0.9,13.1,166.0,83.0,0.43,3.8,4.05,28.4,60,31.9,0.0,7.9,300,15.8,1008.8,989.8,19,19,0,0,0.5,1.54,698.0,566.0,132.0,807.3,698.0,975.7,1,firozabad,27.1591,78.3957
2025-11-05 14:00:00,38.1,88.9,274.0,2.3,11.0,156.0,98.0,0.41,2.3,2.5,28.3,59,31.0,0.0,8.4,310,16.9,1008.6,989.6,29,29,0,0,0.43,1.58,593.0,465.0,128.0,755.2,593.0,856.9,1,firozabad,27.1591,78.3957
2025-11-05 15:00:00,34.8,91.5,299.0,5.5,10.0,142.0,102.0,0.38,1.05,1.05,27.9,62,30.5,0.0,7.9,317,16.9,1008.2,989.2,30,30,0,0,0.32,1.42,436.0,325.0,111.0,677.1,436.0,668.0,1,firozabad,27.1591,78.3957
2025-11-05 16:00:00,34.2,98.5,350.0,10.3,9.7,124.0,101.0,0.34,0.25,0.25,27.0,68,30.2,0.0,5.9,317,15.8,1008.2,989.1,25,25,0,0,0.17,1.14,244.0,166.0,78.0,547.7,244.0,421.8,1,firozabad,27.1591,78.3957
2025-11-05 17:00:00,36.3,94.8,421.0,15.0,8.9,100.0,112.0,0.28,0.0,0.0,26.4,78,30.9,0.0,3.3,311,10.8,1007.7,988.6,0,0,0,0,0.04,0.75,60.0,29.0,31.0,209.0,60.0,135.1,1,firozabad,27.1591,78.3957
2025-11-05 18:00:00,39.8,96.6,525.0,17.5,9.9,91.0,116.0,0.26,0.0,0.0,25.0,80,29.0,0.0,3.1,306,5.4,1008.4,989.2,0,0,0,0,0.0,0.63,0.0,0.0,0.0,0.0,0.0,0.0,0,firozabad,27.1591,78.3957
2025-11-05 19:00:00,41.6,104.1,649.0,20.9,11.4,78.0,123.0,0.26,0.0,0.0,24.2,80,27.8,0.0,3.1,306,4.7,1009.1,989.8,0,0,0,0,0.0,0.6,0.0,0.0,0.0,0.0,0.0,0.0,0,firozabad,27.1591,78.3957
2025-11-05 20:00:00,44.1,115.7,744.0,23.3,12.8,68.0,134.0,0.29,0.0,0.0,23.0,82,26.1,0.0,3.8,311,5.8,1009.9,990.5,0,0,0,0,0.0,0.5,0.0,0.0,0.0,0.0,0.0,0.0,0,firozabad,27.1591,78.3957
2025-11-05 21:00:00,47.0,125.3,795.0,23.8,13.8,64.0,146.0,0.32,0.0,0.0,22.5,82,25.7,0.0,1.9,338,5.8,1010.2,990.8,3,0,3,0,0.0,0.49,0.0,0.0,0.0,0.0,0.0,0.0,0,firozabad,27.1591,78.3957
2025-11-05 22:00:00,49.5,136.0,817.0,23.4,14.6,63.0,162.0,0.37,0.0,0.0,22.3,81,25.3,0.0,1.6,27,2.2,1010.3,990.9,44,0,44,0,0.0,0.51,0.0,0.0,0.0,0.0,0.0,0.0,0,firozabad,27.1591,78.3957
2025-11-05 23:00:00,51.5,156.9,802.0,22.7,15.8,62.0,195.0,0.42,0.0,0.0,20.5,88,22.9,0.0,4.8,312,3.6,1010.8,991.3,0,0,0,0,0.0,0.29,0.0,0.0,0.0,0.0,0.0,0.0,0,firozabad,27.1591,78.3957
2025-11-06 00:00:00,56.2,196.0,721.0,21.9,17.7,59.0,262.0,0.51,0.0,0.0,19.5,83,20.9,0.0,5.7,325,9.7,1010.5,990.9,0,0,0,0,0.0,0.38,0.0,0.0,0.0,0.0,0.0,0.0,0,firozabad,27.1591,78.3957
2025-11-06 01:00:00,63.3,248.7,603.0,20.8,19.8,56.0,346.0,0.57,0.0,0.0,18.2,75,18.5,0.0,6.0,335,10.8,1010.5,990.8,0,0,0,0,0.01,0.52,0.0,0.0,0.0,0.0,0.0,0.0,0,firozabad,27.1591,78.3957
2025-11-06 02:00:00,70.5,291.5,527.0,19.8,21.5,54.0,411.0,0.58,0.0,0.0,17.3,80,17.7,0.0,5.6,333,10.4,1010.5,990.8,20,0,20,0,0.0,0.39,0.0,0.0,0.0,0.0,0.0,0.0,0,firozabad,27.1591,78.3957
2025-11-06 03:00:00,76.6,319.4,543.0,18.8,22.4,53.0,443.0,0.56,0.0,0.0,16.9,85,17.3,0.0,6.5,326,11.5,1010.7,990.9,2,0,2,0,0.0,0.29,0.0,0.0,0.0,0.0,0.0,0.0,0,firozabad,27.1591,78.3957
2025-11-06 04:00:00,81.3,332.5,601.0,17.9,22.7,54.0,456.0,0.52,0.0,0.0,16.8,87,17.2,0.0,7.3,327,13.0,1010.8,991.0,0,0,0,0,0.0,0.25,0.0,0.0,0.0,0.0,0.0,0.0,0,firozabad,27.1591,78.3957
2025-11-06 05:00:00,82.4,327.8,631.0,15.1,22.9,62.0,455.0,0.45,0.0,0.0,17.1,90,17.9,0.0,6.5,326,14.0,1011.2,991.4,0,0,0,0,0.0,0.19,0.0,0.0,0.0,0.0,0.0,0.0,0,firozabad,27.1591,78.3957
2025-11-06 06:00:00,83.6,323.2,602.0,15.0,22.3,64.0,444.0,0.41,0.0,0.0,16.8,89,17.5,0.0,5.9,322,11.9,1012.2,992.4,0,0,0,0,0.0,0.21,0.0,0.0,0.0,0.0,0.0,0.0,1,firozabad,27.1591,78.3957
2025-11-06 07:00:00,83.1,314.8,545.0,14.7,21.3,67.0,427.0,0.36,0.4,0.4,17.4,87,18.3,0.0,5.6,315,10.4,1013.1,993.3,0,0,0,0,0.02,0.26,65.0,33.0,32.0,240.0,65.0,131.7,1,firozabad,27.1591,78.3957
2025-11-06 08:00:00,81.5,299.0,482.0,13.5,20.2,76.0,405.0,0.31,1.4,1.4,19.5,80,20.6,0.0,6.4,317,13.0,1013.9,994.2,0,0,0,0,0.14,0.45,258.0,188.0,70.0,626.1,258.0,418.0,1,firozabad,27.1591,78.3957
2025-11-06 09:00:00,78.0,293.4,412.0,10.4,18.8,97.0,371.0,0.27,3.05,3.05,21.4,71,22.2,0.0,8.6,327,18.0,1014.5,995.0,0,0,0,0,0.27,0.74,458.0,372.0,86.0,780.1,458.0,664.0,1,firozabad,27.1591,78.3957
2025-11-06 10:00:00,62.6,240.3,335.0,6.5,17.1,125.0,332.0,0.25,4.75,4.75,23.1,65,24.3,0.0,9.0,331,19.1,1014.5,995.1,0,0,0,0,0.39,0.99,621.0,526.0,95.0,858.9,621.0,852.7,1,firozabad,27.1591,78.3957
2025-11-06 11:00:00,50.9,214.2,277.0,3.5,15.7,146.0,307.0,0.24,5.7,5.7,24.9,56,26.6,0.0,8.6,327,20.2,1013.6,994.3,0,0,0,0,0.49,1.39,731.0,632.0,99.0,905.9,731.0,971.3,1,firozabad,27.1591,78.3957
2025-11-06 12:00:00,48.7,215.6,246.0,2.1,14.5,155.0,310.0,0.24,5.55,5.55,25.8,51,27.2,0.0,10.2,321,20.9,1012.5,993.3,0,0,0,0,0.53,1.62,771.0,671.0,100.0,923.4,771.0,1011.8,1,firozabad,27.1591,78.3957
2025-11-06 13:00:00,46.3,217.0,234.0,1.8,13.4,158.0,326.0,0.24,4.35,4.35,26.1,47,26.8,0.0,11.2,315,23.0,1012.0,992.8,0,0,0,0,0.52,1.79,735.0,639.0,96.0,915.9,735.0,971.4,1,firozabad,27.1591,78.3957
2025-11-06 14:00:00,44.8,219.3,241.0,2.7,12.8,156.0,332.0,0.25,2.65,2.65,25.9,44,25.5,0.0,11.5,314,23.4,1011.6,992.4,0,0,0,0,0.45,1.87,630.0,539.0,91.0,880.1,630.0,852.8,1,firozabad,27.1591,78.3957
2025-11-06 15:00:00,44.5,220.7,272.0,5.3,12.7,148.0,315.0,0.25,1.1,1.1,25.1,47,24.6,0.0,9.7,312,23.0,1011.5,992.3,0,0,0,0,0.33,1.69,467.0,385.0,82.0,807.2,467.0,664.1,1,firozabad,27.1591,78.3957
2025-11-06 16:00:00,45.6,212.3,321.0,9.1,13.0,136.0,289.0,0.25,0.25,0.25,23.5,58,24.2,0.0,6.2,306,18.7,1011.3,992.0,0,0,0,0,0.17,1.22,263.0,197.0,66.0,656.0,263.0,418.2,1,firozabad,27.1591,78.3957
2025-11-06 17:00:00,49.9,179.3,378.0,13.8,14.7,120.0,242.0,0.25,0.0,0.0,21.7,65,22.7,0.0,4.2,301,11.5,1011.3,991.8,0,0,0,0,0.04,0.91,63.0,34.0,29.0,247.3,63.0,131.8,1,firozabad,27.1591,78.3957
2025-11-06 18:00:00,54.9,181.6,449.0,16.5,15.8,110.0,242.0,0.24,0.0,0.0,20.0,67,20.6,0.0,4.0,297,7.2,1011.9,992.3,0,0,0,0,0.01,0.77,0.0,0.0,0.0,0.0,0.0,0.0,0,firozabad,27.1591,78.3957
2025-11-06 19:00:00,58.4,186.7,527.0,20.3,17.2,96.0,241.0,0.24,0.0,0.0,19.2,66,19.4,0.0,3.9,292,6.5,1013.0,993.3,0,0,0,0,0.01,0.76,0.0,0.0,0.0,0.0,0.0,0.0,0,firozabad,27.1591,78.3957
2025-11-06 20:00:00,60.3,190.0,578.0,23.2,18.2,84.0,239.0,0.24,0.0,0.0,19.1,64,19.3,0.0,2.9,277,5.8,1013.7,994.0,0,0,0,0,0.0,0.79,0.0,0.0,0.0,0.0,0.0,0.0,0,firozabad,27.1591,78.3957
2025-11-06 21:00:00,61.2,190.9,586.0,24.3,18.4,77.0,235.0,0.23,0.0,0.0,18.8,62,18.8,0.0,2.9,263,3.6,1013.9,994.2,0,0,0,0,0.0,0.83,0.0,0.0,0.0,0.0,0.0,0.0,0,firozabad,27.1591,78.3957
2025-11-06 22:00:00,60.8,188.6,567.0,24.4,18.2,71.0,231.0,0.22,0.0,0.0,18.5,61,18.2,0.0,3.3,264,4.0,1014.0,994.3,0,0,0,0,0.0,0.83,0.0,0.0,0.0,0.0,0.0,0.0,0,firozabad,27.1591,78.3957
2025-11-06 23:00:00,57.7,182.5,541.0,24.2,17.6,66.0,227.0,0.23,0.0,0.0,17.3,69,17.2,0.0,4.0,275,4.3,1013.8,994.0,0,0,0,0,0.0,0.61,0.0,0.0,0.0,0.0,0.0,0.0,0,firozabad,27.1591,78.3957
2025-11-07 00:00:00,54.4,177.9,505.0,23.8,16.5,61.0,223.0,0.24,0.0,0.0,17.0,68,16.6,0.0,4.3,265,5.0,1013.7,993.9,0,0,0,0,0.01,0.62,0.0,0.0,0.0,0.0,0.0,0.0,0,firozabad,27.1591,78.3957
2025-11-07 01:00:00,51.9,174.6,462.0,23.2,15.1,55.0,220.0,0.26,0.0,0.0,16.3,70,15.9,0.0,4.6,252,5.4,1013.5,993.6,0,0,0,0,0.0,0.56,0.0,0.0,0.0,0.0,0.0,0.0,0,firozabad,27.1591,78.3957
2025-11-07 02:00:00,50.2,173.2,439.0,22.6,13.8,51.0,222.0,0.29,0.0,0.0,15.4,73,14.8,0.0,5.0,249,6.8,1013.5,993.6,0,0,0,0,0.0,0.47,0.0,0.0,0.0,0.0,0.0,0.0,0,firozabad,27.1591,78.3957
2025-11-07 03:00:00,48.8,176.0,454.0,22.4,12.6,47.0,234.0,0.3,0.0,0.0,13.6,83,13.1,0.0,4.7,270,7.6,1013.6,993.5,0,0,0,0,0.0,0.26,0.0,0.0,0.0,0.0,0.0,0.0,0,firozabad,27.1591,78.3957
2025-11-07 04:00:00,47.7,184.4,488.0,22.4,11.5,43.0,252.0,0.3,0.0,0.0,13.3,83,12.8,0.0,4.3,270,7.6,1013.7,993.6,0,0,0,0,0.0,0.26,0.0,0.0,0.0,0.0,0.0,0.0,0,firozabad,27.1591,78.3957
2025-11-07 05:00:00,49.5,215.6,516.0,19.4,11.3,49.0,300.0,0.27,0.0,0.0,13.5,81,13.0,0.0,4.3,270,6.8,1013.3,993.3,0,0,0,0,0.0,0.29,0.0,0.0,0.0,0.0,0.0,0.0,0,firozabad,27.1591,78.3957
2025-11-07 06:00:00,50.9,214.7,531.0,19.0,11.5,49.0,287.0,0.24,0.0,0.0,13.5,79,12.8,0.0,4.3,275,7.6,1014.4,994.3,0,0,0,0,0.0,0.32,0.0,0.0,0.0,0.0,0.0,0.0,0,firozabad,27.1591,78.3957
2025-11-07 07:00:00,52.2,207.2,539.0,18.2,11.9,50.0,269.0,0.22,0.4,0.4,14.1,80,13.6,0.0,4.3,275,7.6,1015.0,995.0,0,0,0,0,0.02,0.32,64.0,32.0,32.0,235.3,64.0,129.7,1,firozabad,27.1591,78.3957
2025-11-07 08:00:00,51.5,189.1,533.0,16.6,12.6,60.0,252.0,0.2,1.5,1.5,16.9,74,16.9,0.0,5.2,282,11.2,1015.9,996.0,0,0,0,0,0.13,0.5,259.0,187.0,72.0,629.2,259.0,414.0,1,firozabad,27.1591,78.3957
2025-11-07 09:00:00,50.1,179.7,505.0,13.3,14.1,87.0,239.0,0.19,3.2,3.2,19.6,69,19.8,0.0,7.0,291,15.5,1016.6,996.9,0,0,0,0,0.26,0.71,458.0,369.0,89.0,779.2,458.0,659.7,1,firozabad,27.1591,78.3957
2025-11-07 10:00:00,49.0,173.7,463.0,9.0,15.9,123.0,226.0,0.2,4.9,4.9,21.7,65,22.6,0.0,7.8,292,17.3,1016.7,997.1,0,0,0,0,0.38,0.91,621.0,523.0,98.0,858.8,621.0,848.3,1,firozabad,27.1591,78.3957
2025-11-07 11:00:00,44.9,161.1,419.0,5.7,17.1,151.0,216.0,0.21,5.8,5.8,23.8,55,25.0,0.0,7.7,298,19.8,1015.1,995.7,0,0,0,0,0.47,1.32,724.0,623.0,101.0,897.6,724.0,966.9,1,firozabad,27.1591,78.3957
2025-11-07 12:00:00,36.8,139.2,368.0,3.6,16.9,166.0,209.0,0.22,5.6,5.6,24.8,52,26.3,0.0,8.0,297,18.0,1014.4,995.1,0,0,0,0,0.51,1.5,760.0,659.0,101.0,911.3,760.0,1007.4,1,firozabad,27.1591,78.3957
2025-11-07 13:00:00,35.7,137.8,317.0,2.4,16.0,174.0,203.0,0.23,4.35,4.35,25.4,51,26.7,0.0,8.5,298,18.4,1013.5,994.2,0,0,0,0,0.49,1.59,724.0,626.0,98.0,901.7,724.0,967.1,1,firozabad,27.1591,78.3957
2025-11-07 14:00:00,35.5,138.3,295.0,2.9,15.3,174.0,196.0,0.23,2.65,2.65,25.5,50,26.0,0.0,8.7,300,19.1,1013.5,994.2,0,0,0,0,0.43,1.63,619.0,527.0,92.0,865.1,619.0,848.7,1,firozabad,27.1591,78.3957
2025-11-07 15:00:00,34.8,135.5,318.0,6.0,15.1,164.0,185.0,0.24,1.1,1.1,25.0,53,25.4,0.0,7.9,300,19.1,1013.2,993.9,0,0,0,0,0.31,1.49,456.0,374.0,82.0,789.1,456.0,660.3,1,firozabad,27.1591,78.3957
2025-11-07 16:00:00,36.0,130.9,371.0,10.9,15.0,147.0,173.0,0.23,0.25,0.25,23.7,63,25.0,0.0,5.6,297,16.6,1013.3,993.9,0,0,0,0,0.17,1.08,255.0,189.0,66.0,635.0,255.0,414.7,1,firozabad,27.1591,78.3957
2025-11-07 17:00:00,61.5,128.5,440.0,17.6,15.9,129.0,126.0,0.49,0.0,0.0,22.5,70,24.4,0.0,3.1,291,10.4,1013.2,993.8,0,0,0,0,0.03,0.82,60.0,32.0,28.0,235.0,60.0,130.0,0,firozabad,27.1591,78.3957
2025-11-07 18:00:00,68.5,135.5,539.0,20.6,16.8,115.0,126.0,0.48,0.0,0.0,21.3,69,22.5,0.0,3.5,294,5.8,1013.7,994.2,0,0,0,0,0.0,0.78,0.0,0.0,0.0,0.0,0.0,0.0,0,firozabad,27.1591,78.3957
2025-11-07 19:00:00,72.9,138.8,653.0,24.7,18.1,96.0,127.0,0.48,0.0,0.0,20.5,69,21.4,0.0,3.9,292,4.7,1014.4,994.8,0,0,0,0,0.0,0.75,0.0,0.0,0.0,0.0,0.0,0.0,0,firozabad,27.1591,78.3957
2025-11-07 20:00:00,74.3,147.1,725.0,27.1,19.0,81.0,135.0,0.47,0.0,0.0,19.9,68,20.5,0.0,4.2,301,4.7,1015.1,995.4,0,0,0,0,0.01,0.74,0.0,0.0,0.0,0.0,0.0,0.0,0,firozabad,27.1591,78.3957
2025-11-07 21:00:00,74.0,159.7,723.0,26.4,19.3,75.0,155.0,0.44,0.0,0.0,19.1,69,19.6,0.0,3.4,302,4.7,1015.1,995.4,0,0,0,0,0.0,0.68,0.0,0.0,0.0,0.0,0.0,0.0,0,firozabad,27.1591,78.3957
2025-11-07 22:00:00,71.7,171.4,678.0,24.1,19.3,73.0,183.0,0.4,0.0,0.0,18.4,69,18.8,0.0,2.7,293,4.0,1015.2,995.4,0,0,0,0,0.0,0.66,0.0,0.0,0.0,0.0,0.0,0.0,0,firozabad,27.1591,78.3957
2025-11-07 23:00:00,63.8,177.9,624.0,22.1,19.1,71.0,207.0,0.36,0.0,0.0,16.7,75,16.8,0.0,4.0,280,3.2,1014.6,994.7,0,0,0,0,0.0,0.47,0.0,0.0,0.0,0.0,0.0,0.0,0,firozabad,27.1591,78.3957
2025-11-08 00:00:00,59.6,183.9,563.0,21.1,18.8,66.0,225.0,0.33,0.0,0.0,16.2,74,16.0,0.0,4.3,270,5.4,1014.8,994.9,0,0,0,0,0.0,0.48,0.0,0.0,0.0,0.0,0.0,0.0,0,firozabad,27.1591,78.3957
2025-11-08 01:00:00,56.0,186.3,493.0,20.4,18.3,60.0,239.0,0.32,0.0,0.0,15.7,74,15.3,0.0,4.7,270,5.4,1014.8,994.9,0,0,0,0,0.0,0.46,0.0,0.0,0.0,0.0,0.0,0.0,0,firozabad,27.1591,78.3957
2025-11-08 02:00:00,53.9,191.9,447.0,19.8,17.5,56.0,250.0,0.3,0.0,0.0,15.2,73,14.5,0.0,5.1,262,6.1,1014.7,994.7,0,0,0,0,0.0,0.47,0.0,0.0,0.0,0.0,0.0,0.0,0,firozabad,27.1591,78.3957
2025-11-08 03:00:00,52.5,198.8,445.0,19.4,16.1,53.0,258.0,0.29,0.0,0.0,14.2,76,13.5,0.0,4.3,265,6.1,1014.4,994.4,0,0,0,0,0.0,0.39,0.0,0.0,0.0,0.0,0.0,0.0,0,firozabad,27.1591,78.3957
2025-11-08 04:00:00,51.3,201.6,466.0,19.1,14.4,52.0,263.0,0.27,0.0,0.0,13.2,80,12.5,0.0,4.0,265,6.5,1014.5,994.4,0,0,0,0,0.0,0.3,0.0,0.0,0.0,0.0,0.0,0.0,0,firozabad,27.1591,78.3957
2025-11-08 05:00:00,49.2,192.3,487.0,17.6,13.1,56.0,258.0,0.3,0.0,0.0,13.4,80,12.7,0.0,4.4,279,6.5,1014.8,994.7,0,0,0,0,0.0,0.31,0.0,0.0,0.0,0.0,0.0,0.0,0,firozabad,27.1591,78.3957
2025-11-08 06:00:00,50.1,180.2,503.0,18.0,12.9,53.0,238.0,0.28,0.0,0.0,13.2,79,12.5,0.0,4.0,280,6.8,1015.5,995.4,0,0,0,0,0.0,0.32,0.0,0.0,0.0,0.0,0.0,0.0,0,firozabad,27.1591,78.3957
2025-11-08 07:00:00,51.6,164.8,519.0,18.4,12.6,51.0,210.0,0.25,0.4,0.4,13.8,79,13.4,0.0,3.6,276,6.1,1016.1,996.0,0,0,0,0,0.02,0.33,63.0,32.0,31.0,237.9,63.0,127.6,1,firozabad,27.1591,78.3957
2025-11-08 08:00:00,51.2,153.2,518.0,17.5,12.8,58.0,186.0,0.23,1.45,1.45,16.6,79,17.0,0.0,3.3,276,7.2,1016.6,996.7,0,0,0,0,0.13,0.4,259.0,187.0,72.0,635.8,259.0,409.9,1,firozabad,27.1591,78.3957
2025-11-08 09:00:00,49.0,144.8,491.0,14.1,14.1,83.0,172.0,0.21,3.1,3.1,19.4,70,19.8,0.0,5.6,285,12.6,1017.4,997.7,0,0,0,0,0.26,0.67,462.0,372.0,90.0,791.0,462.0,655.4,1,firozabad,27.1591,78.3957
2025-11-08 10:00:00,46.0,135.5,448.0,9.3,15.8,117.0,162.0,0.21,4.8,4.8,21.5,66,22.6,0.0,6.4,286,14.8,1017.1,997.5,0,0,0,0,0.38,0.87,626.0,527.0,99.0,870.4,626.0,843.8,1,firozabad,27.1591,78.3957
2025-11-08 11:00:00,37.7,120.6,405.0,5.6,16.7,143.0,154.0,0.21,5.75,5.75,23.9,54,25.3,0.0,6.7,286,16.6,1016.4,997.0,0,0,0,0,0.48,1.36,731.0,628.0,103.0,909.4,731.0,962.4,1,firozabad,27.1591,78.3957
2025-11-08 12:00:00,33.4,112.2,357.0,3.4,16.0,156.0,149.0,0.21,5.55,5.55,24.9,45,25.7,0.0,7.6,289,17.6,1015.5,996.2,0,0,0,0,0.52,1.73,770.0,666.0,104.0,925.4,770.0,1003.0,1,firozabad,27.1591,78.3957
2025-11-08 13:00:00,32.8,107.8,310.0,2.2,14.5,161.0,145.0,0.21,4.35,4.35,25.4,41,25.8,0.0,7.6,289,17.6,1015.3,996.0,0,0,0,0,0.5,1.92,733.0,633.0,100.0,916.3,733.0,962.8,1,firozabad,27.1591,78.3957
2025-11-08 14:00:00,33.1,106.9,292.0,2.9,13.4,160.0,140.0,0.22,2.6,2.6,25.3,43,25.3,0.0,7.0,291,16.9,1014.7,995.4,0,0,0,0,0.43,1.83,626.0,532.0,94.0,877.9,626.0,844.6,1,firozabad,27.1591,78.3957
2025-11-08 15:00:00,33.4,105.0,309.0,6.0,13.1,151.0,130.0,0.21,1.1,1.1,24.7,46,24.4,0.0,6.8,295,16.2,1014.3,995.0,0,0,0,0,0.32,1.68,461.0,377.0,84.0,800.4,461.0,656.5,1,firozabad,27.1591,78.3957
2025-11-08 16:00:00,35.3,99.9,355.0,10.9,13.2,135.0,118.0,0.21,0.25,0.25,23.2,59,24.1,0.0,4.5,299,14.4,1014.2,994.8,0,0,0,0,0.16,1.16,257.0,190.0,67.0,644.0,257.0,411.2,1,firozabad,27.1591,78.3957
2025-11-08 17:00:00,49.1,113.6,445.0,18.2,15.3,115.0,121.0,0.36,0.0,0.0,21.6,68,23.0,0.0,3.1,306,9.0,1014.1,994.6,0,0,0,0,0.03,0.83,59.0,31.0,28.0,229.7,59.0,128.3,0,firozabad,27.1591,78.3957
2025-11-08 18:00:00,61.2,125.3,627.0,22.8,17.2,102.0,121.0,0.37,0.0,0.0,20.3,68,21.2,0.0,3.1,306,5.4,1014.2,994.6,0,0,0,0,0.0,0.76,0.0,0.0,0.0,0.0,0.0,0.0,0,firozabad,27.1591,78.3957
2025-11-08 19:00:00,71.5,136.4,853.0,29.1,19.8,84.0,122.0,0.38,0.0,0.0,19.6,67,20.2,0.0,3.1,315,3.6,1015.1,995.4,0,0,0,0,0.0,0.75,0.0,0.0,0.0,0.0,0.0,0.0,0,firozabad,27.1591,78.3957
2025-11-08 20:00:00,78.2,145.8,987.0,32.9,21.9,70.0,125.0,0.39,0.0,0.0,18.7,68,19.1,0.0,3.3,319,4.0,1015.3,995.6,0,0,0,0,0.0,0.69,0.0,0.0,0.0,0.0,0.0,0.0,0,firozabad,27.1591,78.3957
2025-11-08 21:00:00,84.1,157.4,947.0,32.1,22.9,66.0,131.0,0.4,0.0,0.0,17.9,69,18.1,0.0,3.2,333,4.0,1015.7,995.9,0,0,0,0,0.0,0.64,0.0,0.0,0.0,0.0,0.0,0.0,0,firozabad,27.1591,78.3957
2025-11-08 22:00:00,88.2,167.2,816.0,28.9,23.2,66.0,140.0,0.39,0.0,0.0,17.1,70,17.2,0.0,2.5,352,3.6,1015.5,995.7,0,0,0,0,0.0,0.59,0.0,0.0,0.0,0.0,0.0,0.0,0,firozabad,27.1591,78.3957
2025-11-08 23:00:00,89.4,169.5,703.0,25.9,23.5,66.0,147.0,0.38,0.0,0.0,15.3,78,15.4,0.0,2.3,321,3.2,1015.5,995.5,0,0,0,0,0.0,0.38,0.0,0.0,0.0,0.0,0.0,0.0,0,firozabad,27.1591,78.3957
2025-11-09 00:00:00,89.2,167.6,644.0,23.9,23.8,63.0,149.0,0.37,0.0,0.0,14.8,78,14.7,0.0,2.9,300,3.2,1015.1,995.1,0,0,0,0,0.0,0.37,0.0,0.0,0.0,0.0,0.0,0.0,0,firozabad,27.1591,78.3957
2025-11-09 01:00:00,88.2,167.2,604.0,22.1,23.9,58.0,150.0,0.37,0.0,0.0,14.6,77,14.2,0.0,3.5,294,4.0,1014.6,994.6,0,0,0,0,0.0,0.38,0.0,0.0,0.0,0.0,0.0,0.0,0,firozabad,27.1591,78.3957
2025-11-09 02:00:00,87.1,172.3,583.0,21.1,23.8,54.0,156.0,0.37,0.0,0.0,14.5,75,13.9,0.0,3.9,292,4.7,1014.0,994.0,0,0,0,0,0.0,0.41,0.0,0.0,0.0,0.0,0.0,0.0,0,firozabad,27.1591,78.3957
2025-11-09 03:00:00,85.9,183.0,587.0,21.5,23.2,49.0,174.0,0.37,0.0,0.0,14.3,74,13.5,0.0,4.5,284,5.4,1013.7,993.7,0,0,0,0,0.0,0.42,0.0,0.0,0.0,0.0,0.0,0.0,0,firozabad,27.1591,78.3957
2025-11-09 04:00:00,85.4,194.2,610.0,22.7,22.3,43.0,198.0,0.38,0.0,0.0,14.1,73,13.1,0.0,5.1,278,6.1,1013.6,993.6,0,0,0,0,0.0,0.43,0.0,0.0,0.0,0.0,0.0,0.0,0,firozabad,27.1591,78.3957
2025-11-09 05:00:00,87.8,192.8,641.0,23.6,23.4,38.0,191.0,0.38,0.0,0.0,13.3,79,12.5,0.0,4.7,266,6.1,1013.8,993.7,0,0,0,0,0.0,0.32,0.0,0.0,0.0,0.0,0.0,0.0,0,firozabad,27.1591,78.3957
2025-11-09 06:00:00,89.2,197.9,690.0,23.9,23.0,36.0,191.0,0.38,0.0,0.0,11.8,87,11.0,0.0,4.4,261,7.2,1014.5,994.3,0,0,0,0,0.0,0.18,0.0,0.0,0.0,0.0,0.0,0.0,0,firozabad,27.1591,78.3957
2025-11-09 07:00:00,89.9,199.3,747.0,24.1,22.5,35.0,190.0,0.38,0.35,0.35,12.2,89,11.8,0.0,4.0,260,7.2,1015.4,995.2,0,0,0,0,0.01,0.16,61.0,30.0,31.0,225.6,61.0,125.6,1,firozabad,27.1591,78.3957
2025-11-09 08:00:00,85.9,189.1,765.0,22.6,22.8,46.0,187.0,0.37,1.3,1.3,15.6,82,15.7,0.0,4.7,270,9.7,1015.8,995.8,0,0,0,0,0.12,0.32,255.0,182.0,73.0,625.4,255.0,405.7,1,firozabad,27.1591,78.3957
2025-11-09 09:00:00,82.2,195.6,713.0,17.7,24.9,82.0,181.0,0.35,2.8,2.8,18.8,75,19.4,0.0,5.9,281,13.0,1016.5,996.7,0,0,0,0,0.25,0.54,458.0,366.0,92.0,783.8,458.0,651.1,1,firozabad,27.1591,78.3957
2025-11-09 10:00:00,74.0,181.1,622.0,11.1,27.8,132.0,173.0,0.34,4.35,4.35,21.2,68,22.4,0.0,6.6,292,15.5,1016.2,996.6,0,0,0,0,0.37,0.81,621.0,521.0,100.0,865.4,621.0,839.4,1,firozabad,27.1591,78.3957
2025-11-09 11:00:00,54.9,142.0,541.0,6.0,29.1,169.0,165.0,0.33,5.25,5.25,23.6,59,25.5,0.0,6.3,294,16.6,1015.3,995.9,0,0,0,0,0.47,1.2,725.0,622.0,103.0,905.3,725.0,958.0,1,firozabad,27.1591,78.3957
2025-11-09 12:00:00,51.0,133.6,479.0,3.5,27.1,184.0,159.0,0.33,5.1,5.1,24.6,50,25.8,0.0,7.9,300,18.4,1014.2,994.9,0,0,0,0,0.51,1.55,760.0,658.0,102.0,918.8,760.0,998.6,1,firozabad,27.1591,78.3957
2025-11-09 13:00:00,48.4,128.5,427.0,2.6,23.5,188.0,153.0,0.32,4.0,4.0,25.0,45,25.5,0.0,7.9,300,18.4,1013.5,994.2,0,0,0,0,0.49,1.74,723.0,624.0,99.0,907.7,723.0,958.6,1,firozabad,27.1591,78.3957
2025-11-09 14:00:00,46.1,122.5,406.0,3.5,20.5,184.0,145.0,0.31,2.45,2.45,24.7,46,24.7,0.0,7.9,300,18.0,1012.9,993.6,0,0,0,0,0.42,1.68,618.0,525.0,93.0,870.8,618.0,840.6,1,firozabad,27.1591,78.3957
2025-11-09 15:00:00,44.6,117.6,423.0,6.6,18.9,173.0,133.0,0.3,1.05,1.05,24.0,51,23.9,0.0,7.3,303,17.6,1012.3,993.0,0,0,0,0,0.31,1.46,456.0,372.0,84.0,794.6,456.0,652.8,1,firozabad,27.1591,78.3957
2025-11-09 16:00:00,45.6,109.9,472.0,11.5,18.1,155.0,120.0,0.29,0.2,0.2,22.5,64,23.5,0.0,5.3,298,15.5,1012.0,992.6,0,0,0,0,0.16,0.98,253.0,186.0,67.0,636.0,253.0,407.8,1,firozabad,27.1591,78.3957
2025-11-09 17:00:00,79.4,135.0,551.0,18.4,19.3,133.0,104.0,0.53,0.0,0.0,21.7,70,23.3,0.0,3.2,297,10.1,1011.6,992.1,0,0,0,0,0.03,0.78,58.0,30.0,28.0,224.3,58.0,126.7,0,firozabad,27.1591,78.3957
2025-11-09 18:00:00,92.2,145.8,679.0,23.3,21.0,118.0,102.0,0.53,0.0,0.0,20.3,70,21.4,0.0,3.2,297,5.0,1012.3,992.7,0,0,0,0,0.0,0.72,0.0,0.0,0.0,0.0,0.0,0.0,0,firozabad,27.1591,78.3957
2025-11-09 19:00:00,103.8,156.0,838.0,30.0,23.3,97.0,98.0,0.52,0.0,0.0,19.5,69,20.2,0.0,3.1,306,4.0,1013.5,993.9,0,0,0,0,0.0,0.7,0.0,0.0,0.0,0.0,0.0,0.0,0,firozabad,27.1591,78.3957
2025-11-09 20:00:00,114.1,166.2,971.0,34.6,25.0,80.0,97.0,0.52,0.0,0.0,18.6,69,19.2,0.0,2.3,309,3.6,1013.8,994.1,0,0,0,0,0.0,0.67,0.0,0.0,0.0,0.0,0.0,0.0,0,firozabad,27.1591,78.3957
2025-11-09 21:00:00,122.9,176.5,1066.0,35.4,25.4,72.0,99.0,0.51,0.0,0.0,17.7,71,18.2,0.0,1.3,326,2.5,1014.1,994.3,0,0,0,0,0.0,0.59,0.0,0.0,0.0,0.0,0.0,0.0,0,firozabad,27.1591,78.3957
2025-11-09 22:00:00,127.6,183.0,1136.0,34.2,25.1,68.0,102.0,0.49,0.0,0.0,16.8,73,17.3,0.0,0.5,315,1.4,1013.8,994.0,0,0,0,0,0.0,0.52,0.0,0.0,0.0,0.0,0.0,0.0,0,firozabad,27.1591,78.3957
2025-11-09 23:00:00,126.2,183.5,1155.0,32.1,24.5,65.0,105.0,0.47,0.0,0.0,14.9,82,15.3,0.0,1.1,288,1.4,1013.8,993.8,0,0,0,0,0.0,0.31,0.0,0.0,0.0,0.0,0.0,0.0,0,firozabad,27.1591,78.3957
2025-11-10 00:00:00,122.9,180.2,1093.0,28.8,23.6,63.0,104.0,0.44,0.0,0.0,14.4,83,14.7,0.0,1.5,284,1.8,1013.5,993.5,0,0,0,0,0.0,0.28,0.0,0.0,0.0,0.0,0.0,0.0,0,firozabad,27.1591,78.3957
2025-11-10 01:00:00,117.6,173.7,982.0,24.6,22.4,62.0,103.0,0.41,0.0,0.0,14.0,83,14.0,0.0,1.9,292,2.2,1013.5,993.5,0,0,0,0,0.0,0.27,0.0,0.0,0.0,0.0,0.0,0.0,0,firozabad,27.1591,78.3957
2025-11-10 02:00:00,112.2,170.9,890.0,21.6,21.6,61.0,108.0,0.39,0.0,0.0,13.6,83,13.5,0.0,2.2,279,2.5,1013.1,993.1,0,0,0,0,0.0,0.27,0.0,0.0,0.0,0.0,0.0,0.0,0,firozabad,27.1591,78.3957
2025-11-10 03:00:00,107.6,175.6,842.0,20.7,21.4,57.0,127.0,0.39,0.0,0.0,13.3,83,13.0,0.0,2.5,262,2.9,1012.8,992.7,0,0,0,0,0.0,0.26,0.0,0.0,0.0,0.0,0.0,0.0,0,firozabad,27.1591,78.3957
2025-11-10 04:00:00,104.1,184.4,813.0,20.9,21.5,53.0,152.0,0.38,0.0,0.0,12.9,84,12.6,0.0,3.0,256,3.6,1012.5,992.4,0,0,0,0,0.0,0.24,0.0,0.0,0.0,0.0,0.0,0.0,0,firozabad,27.1591,78.3957
2025-11-10 05:00:00,102.2,192.3,805.0,20.1,23.1,52.0,165.0,0.34,0.0,0.0,13.1,86,12.7,0.0,4.3,275,4.0,1013.0,992.9,0,0,0,0,0.0,0.21,0.0,0.0,0.0,0.0,0.0,0.0,0,firozabad,27.1591,78.3957
2025-11-10 06:00:00,104.5,201.2,837.0,21.0,23.1,49.0,159.0,0.33,0.0,0.0,13.2,85,12.8,0.0,4.3,265,5.4,1013.4,993.3,0,0,0,0,0.0,0.23,0.0,0.0,0.0,0.0,0.0,0.0,0,firozabad,27.1591,78.3957
2025-11-10 07:00:00,108.0,204.0,888.0,22.1,23.3,47.0,151.0,0.33,0.35,0.35,14.0,85,13.8,0.0,4.4,261,5.4,1014.1,994.1,0,0,0,0,0.02,0.24,58.0,27.0,31.0,205.4,58.0,123.5,1,firozabad,27.1591,78.3957
2025-11-10 08:00:00,102.2,178.8,899.0,21.4,24.4,58.0,142.0,0.32,1.3,1.3,16.4,84,17.1,0.0,3.7,259,7.6,1014.9,995.0,0,0,0,0,0.12,0.3,250.0,170.0,80.0,590.5,250.0,401.6,1,firozabad,27.1591,78.3957
2025-11-10 09:00:00,95.2,177.4,834.0,17.2,27.8,95.0,131.0,0.33,2.8,2.8,19.2,79,20.3,0.0,5.0,270,11.2,1015.9,996.2,0,0,0,0,0.25,0.47,451.0,361.0,90.0,778.7,451.0,646.7,1,firozabad,27.1591,78.3957
2025-11-10 10:00:00,81.7,157.9,728.0,11.2,32.1,146.0,120.0,0.33,4.35,4.35,21.5,74,23.5,0.0,5.1,278,12.2,1015.6,996.0,0,0,0,0,0.37,0.67,613.0,515.0,98.0,860.4,613.0,835.0,1,firozabad,27.1591,78.3957
2025-11-10 11:00:00,58.8,116.9,630.0,6.5,34.1,184.0,110.0,0.33,5.2,5.2,23.8,65,26.6,0.0,4.0,280,13.0,1014.8,995.4,0,0,0,0,0.46,1.03,716.0,615.0,101.0,899.7,716.0,953.5,1,firozabad,27.1591,78.3957
2025-11-10 12:00:00,52.6,99.7,544.0,3.9,31.8,200.0,103.0,0.34,5.0,5.0,24.9,58,27.5,0.0,5.2,282,12.6,1013.9,994.6,0,0,0,0,0.5,1.32,752.0,651.0,101.0,913.4,752.0,994.3,1,firozabad,27.1591,78.3957
2025-11-10 13:00:00,51.5,98.0,466.0,2.5,27.2,203.0,98.0,0.36,3.9,3.9,25.6,53,27.5,0.0,6.4,286,14.4,1013.2,994.0,0,0,0,0,0.48,1.54,715.0,618.0,97.0,903.3,715.0,954.4,1,firozabad,27.1591,78.3957
2025-11-10 14:00:00,50.4,98.7,431.0,3.4,23.5,198.0,92.0,0.37,2.3,2.3,25.6,49,26.3,0.0,6.9,298,15.5,1012.7,993.5,6,0,0,6,0.42,1.68,610.0,519.0,91.0,865.3,610.0,836.7,1,firozabad,27.1591,78.3957
2025-11-10 15:00:00,49.9,97.3,455.0,7.1,21.5,185.0,84.0,0.37,0.95,0.95,25.0,52,25.6,0.0,5.7,305,15.1,1012.7,993.4,3,0,0,3,0.3,1.52,449.0,367.0,82.0,788.7,449.0,649.2,1,firozabad,27.1591,78.3957
2025-11-10 16:00:00,51.3,88.7,523.0,13.0,20.5,164.0,75.0,0.36,0.2,0.2,23.7,66,25.7,0.0,3.3,319,11.5,1012.5,993.1,5,0,0,5,0.15,1.0,248.0,183.0,65.0,631.1,248.0,404.6,1,firozabad,27.1591,78.3957
2025-11-10 17:00:00,92.7,128.1,620.0,22.0,24.5,139.0,66.0,0.62,0.0,0.0,22.4,73,24.7,0.0,2.3,342,6.1,1012.5,993.1,0,0,0,0,0.03,0.73,56.0,29.0,27.0,218.8,56.0,125.1,0,firozabad,27.1591,78.3957
2025-11-10 18:00:00,112.0,146.2,757.0,29.3,27.6,121.0,64.0,0.59,0.0,0.0,20.8,72,22.4,0.0,2.3,342,3.2,1013.1,993.5,4,0,0,4,0.0,0.69,0.0,0.0,0.0,0.0,0.0,0.0,0,firozabad,27.1591,78.3957
2025-11-10 19:00:00,131.3,164.4,924.0,39.4,31.8,96.0,62.0,0.56,0.0,0.0,19.6,73,20.9,0.0,1.6,333,2.9,1014.0,994.4,0,0,0,0,0.0,0.62,0.0,0.0,0.0,0.0,0.0,0.0,0,firozabad,27.1591,78.3957
2025-11-10 20:00:00,148.5,181.1,1074.0,48.1,35.4,74.0,60.0,0.54,0.0,0.0,18.5,76,19.7,0.0,1.5,315,2.2,1014.6,994.9,0,0,0,0,0.0,0.51,0.0,0.0,0.0,0.0,0.0,0.0,0,firozabad,27.1591,78.3957
2025-11-10 21:00:00,164.4,196.0,1195.0,54.0,37.9,58.0,58.0,0.54,0.0,0.0,17.5,78,18.4,0.0,1.1,342,1.8,1014.7,994.9,0,0,0,0,0.0,0.44,0.0,0.0,0.0,0.0,0.0,0.0,0,firozabad,27.1591,78.3957
2025-11-10 22:00:00,178.3,209.5,1300.0,58.4,39.6,45.0,57.0,0.55,0.0,0.0,16.5,81,17.2,0.0,1.9,22,2.2,1014.5,994.6,0,0,0,0,0.0,0.36,0.0,0.0,0.0,0.0,0.0,0.0,0,firozabad,27.1591,78.3957
2025-11-10 23:00:00,185.3,216.1,1374.0,60.7,39.9,36.0,55.0,0.56,0.0,0.0,15.4,88,16.1,0.0,2.9,30,2.9,1014.5,994.6,0,0,0,0,0.0,0.21,0.0,0.0,0.0,0.0,0.0,0.0,0,firozabad,27.1591,78.3957
2025-11-11 00:00:00,183.5,212.3,1410.0,59.8,37.7,31.0,52.0,0.58,0.0,0.0,15.0,87,15.5,0.0,3.1,21,3.6,1014.1,994.1,0,0,0,0,0.0,0.22,0.0,0.0,0.0,0.0,0.0,0.0,0,firozabad,27.1591,78.3957
2025-11-11 01:00:00,176.5,204.4,1417.0,56.9,34.1,30.0,50.0,0.6,0.0,0.0,14.8,87,15.1,0.0,3.3,13,4.0,1014.2,994.2,0,0,0,0,0.0,0.22,0.0,0.0,0.0,0.0,0.0,0.0,0,firozabad,27.1591,78.3957
2025-11-11 02:00:00,170.4,197.4,1405.0,54.9,31.4,28.0,48.0,0.61,0.0,0.0,14.5,86,14.7,0.0,2.9,353,4.0,1014.0,994.0,0,0,0,0,0.0,0.23,0.0,0.0,0.0,0.0,0.0,0.0,0,firozabad,27.1591,78.3957
2025-11-11 03:00:00,166.2,192.3,1377.0,55.7,30.7,24.0,49.0,0.61,0.0,0.0,14.1,86,14.3,0.0,2.6,326,3.6,1013.7,993.7,0,0,0,0,0.0,0.23,0.0,0.0,0.0,0.0,0.0,0.0,0,firozabad,27.1591,78.3957
2025-11-11 04:00:00,163.4,190.5,1330.0,57.4,30.9,20.0,50.0,0.59,0.0,0.0,13.7,87,13.8,0.0,2.7,293,2.9,1013.5,993.5,0,0,0,0,0.0,0.2,0.0,0.0,0.0,0.0,0.0,0.0,0,firozabad,27.1591,78.3957
2025-11-11 05:00:00,154.1,176.0,1275.0,38.6,27.9,39.0,40.0,0.58,0.0,0.0,14.3,85,14.4,0.0,3.0,284,3.6,1013.9,993.9,0,0,0,0,0.0,0.24,0.0,0.0,0.0,0.0,0.0,0.0,0,firozabad,27.1591,78.3957
2025-11-11 06:00:00,161.1,184.4,1220.0,38.3,28.7,42.0,38.0,0.55,0.0,0.0,14.0,86,14.0,0.0,3.0,284,4.0,1014.5,994.5,0,0,0,0,0.0,0.22,0.0,0.0,0.0,0.0,0.0,0.0,0,firozabad,27.1591,78.3957
2025-11-11 07:00:00,170.0,194.6,1157.0,37.4,30.0,48.0,36.0,0.54,0.3,0.3,14.5,86,14.7,0.0,2.9,270,3.6,1015.4,995.4,0,0,0,0,0.01,0.23,56.0,28.0,28.0,215.5,56.0,121.5,1,firozabad,27.1591,78.3957
2025-11-11 08:00:00,154.1,177.4,1063.0,34.0,32.3,64.0,43.0,0.51,1.15,1.15,17.1,84,18.2,0.0,2.2,270,5.0,1015.8,995.9,0,0,0,0,0.12,0.31,246.0,177.0,69.0,621.6,246.0,397.4,1,firozabad,27.1591,78.3957
2025-11-11 09:00:00,136.4,169.0,910.0,25.4,37.2,99.0,69.0,0.5,2.55,2.55,19.9,77,21.2,0.0,4.5,284,10.4,1016.9,997.2,0,0,0,0,0.25,0.53,445.0,358.0,87.0,777.8,445.0,642.4,1,firozabad,27.1591,78.3957
2025-11-11 10:00:00,102.2,160.2,728.0,14.2,43.0,143.0,104.0,0.47,3.95,3.95,21.9,73,23.9,0.0,5.0,291,11.9,1016.5,997.0,0,0,0,0,0.37,0.71,606.0,510.0,96.0,857.0,606.0,830.6,1,firozabad,27.1591,78.3957
2025-11-11 11:00:00,78.7,146.7,582.0,5.9,45.1,176.0,128.0,0.44,4.85,4.85,24.1,61,26.5,0.0,4.7,302,14.0,1015.6,996.2,0,0,0,0,0.46,1.17,709.0,610.0,99.0,897.0,709.0,949.1,1,firozabad,27.1591,78.3957
2025-11-11 12:00:00,68.5,133.6,497.0,2.6,40.2,189.0,133.0,0.42,4.8,4.8,24.9,55,27.0,0.0,6.3,301,14.8,1014.4,995.1,0,0,0,0,0.5,1.42,748.0,648.0,100.0,913.6,748.0,990.0,1,firozabad,27.1591,78.3957
2025-11-11 13:00:00,61.9,127.6,449.0,2.1,31.6,192.0,128.0,0.4,3.75,3.75,25.5,51,26.9,0.0,7.4,299,16.6,1014.0,994.7,0,0,0,0,0.48,1.6,711.0,615.0,96.0,903.2,711.0,950.3,1,firozabad,27.1591,78.3957
2025-11-11 14:00:00,56.7,119.7,435.0,3.5,24.8,187.0,120.0,0.37,2.3,2.3,25.4,51,26.1,0.0,7.6,301,17.3,1013.2,993.9,0,0,0,0,0.41,1.59,607.0,517.0,90.0,866.4,607.0,832.9,1,firozabad,27.1591,78.3957
2025-11-11 15:00:00,53.3,113.2,454.0,7.1,22.0,175.0,111.0,0.35,0.95,0.95,24.9,54,25.5,0.0,7.0,305,17.3,1013.2,993.9,0,0,0,0,0.3,1.45,447.0,366.0,81.0,791.2,447.0,645.7,1,firozabad,27.1591,78.3957
2025-11-11 16:00:00,53.4,104.3,507.0,12.6,21.1,157.0,100.0,0.33,0.2,0.2,23.4,66,25.0,0.0,5.1,309,14.8,1013.1,993.7,0,0,0,0,0.16,0.98,247.0,183.0,64.0,636.4,247.0,401.4,1,firozabad,27.1591,78.3957
2025-11-11 17:00:00,75.2,125.3,591.0,17.6,21.4,137.0,94.0,0.46,0.0,0.0,22.1,73,24.0,0.0,3.4,302,9.7,1013.3,993.8,0,0,0,0,0.03,0.72,54.0,28.0,26.0,213.0,54.0,123.6,0,firozabad,27.1591,78.3957
2025-11-11 18:00:00,86.1,134.1,734.0,22.2,22.4,121.0,91.0,0.46,0.0,0.0,20.8,73,22.3,0.0,3.4,302,5.4,1013.9,994.3,0,0,0,0,0.0,0.66,0.0,0.0,0.0,0.0,0.0,0.0,0,firozabad,27.1591,78.3957
2025-11-11 19:00:00,95.9,142.0,909.0,28.6,23.7,99.0,86.0,0.46,0.0,0.0,19.8,75,21.0,0.0,3.7,299,4.3,1014.9,995.2,0,0,0,0,0.0,0.58,0.0,0.0,0.0,0.0,0.0,0.0,0,firozabad,27.1591,78.3957
2025-11-11 20:00:00,103.8,148.5,1025.0,33.0,24.4,82.0,83.0,0.46,0.0,0.0,19.0,75,20.0,0.0,3.5,294,4.3,1015.1,995.4,0,0,0,0,0.0,0.55,0.0,0.0,0.0,0.0,0.0,0.0,0,firozabad,27.1591,78.3957
2025-11-11 21:00:00,110.8,155.1,1038.0,34.0,24.1,73.0,81.0,0.45,0.0,0.0,18.3,75,19.1,0.0,2.7,293,4.0,1015.2,995.4,0,0,0,0,0.0,0.52,0.0,0.0,0.0,0.0,0.0,0.0,0,firozabad,27.1591,78.3957
2025-11-11 22:00:00,114.1,158.3,992.0,33.1,23.2,69.0,79.0,0.45,0.0,0.0,17.6,75,18.2,0.0,2.3,288,3.2,1015.1,995.3,0,0,0,0,0.0,0.5,0.0,0.0,0.0,0.0,0.0,0.0,0,firozabad,27.1591,78.3957
2025-11-11 23:00:00,112.9,156.0,935.0,31.3,22.2,66.0,80.0,0.46,0.0,0.0,16.6,77,17.0,0.0,2.9,300,2.5,1015.3,995.4,0,0,0,0,0.0,0.44,0.0,0.0,0.0,0.0,0.0,0.0,0,firozabad,27.1591,78.3957
